sjf;lsdf
A15AWY1
A03WWY2
A0410Y0
A1RKWY3
ACR3WY1
ACR4WY1
A69EWY1
A9CFWY1
A57UWY1
A5VKWY1
10207010
10200011
10307000
10507000
10407000
12207000
4704000
12200018
7640020192
A6H9WY2
7718800
7714901
7714902
7714903
7714904
7714905
7714909
7714911
7714912
7714913
7714914
7714906
7714917
7714918
7714919
7723000
7714915
7714916
7717962
7717963
7717964
7717965
7717966
7717968
7717969
7717970
7717971
7717972
7717974
7717975
7717976
7717977
7717978
AC5RWY1
7640021823
45198237
45201515
45201517
45201519
45201521
45199274
45201523
45201525
45201527
45201529
45111142
